tanggal,t2m_c,u10,v10,msl,tp_mm
2025-01-01,26.9968,1.3421,-1.3615,100849.65,2.1382
2025-01-02,27.2831,0.4591,0.0918,100950.945,0.1262
2025-01-03,27.2544,0.939,0.8518,100971.055,0.1834
2025-01-04,26.4518,2.4341,1.7787,101003.96,2.8653
2025-01-05,25.896,2.3082,0.9609,100982.18,1.5846
2025-01-06,26.2434,1.4627,0.801,100944.766,1.88
2025-01-07,26.5732,2.2722,-0.0537,100915.02,2.9796
2025-01-08,27.1641,1.0269,-0.5093,100877.164,0.8186
2025-01-09,27.1944,0.6731,-0.8496,101010.6,2.0434
2025-01-10,27.2119,0.6898,-0.3843,101125.9,1.2518
2025-01-11,27.1405,2.0511,0.4173,101067.586,2.0221
2025-01-12,26.4681,4.3818,0.8299,100995.38,6.0426
2025-01-13,27.5183,3.2141,0.3966,100856.38,0.8578
2025-01-14,26.6289,3.2765,0.3038,101033.81,6.9985
2025-01-15,27.5937,2.9984,0.2906,100922.23,0.4659
2025-01-16,27.7819,3.8005,0.0294,100843.19,0.9476
2025-01-17,27.4109,3.5149,-0.3811,100715.87,3.2547
2025-01-18,27.215,4.4406,-0.4528,100743.67,2.9937
2025-01-19,27.2554,5.2577,0.387,100649.04,5.5428
2025-01-20,26.6103,1.8068,-1.1962,100740.13,9.3348
2025-01-21,26.9488,1.7703,-0.9504,100836.56,2.5293
2025-01-22,27.0428,1.2873,-0.9594,100888.26,0.4075
2025-01-23,26.7809,1.7085,-0.2024,100901.56,1.1988
2025-01-24,26.5421,1.6315,0.2046,100845.73,1.0226
2025-01-25,26.7919,1.7063,0.3632,100863.47,1.7218
2025-01-26,26.4353,2.4348,1.0871,100772.34,2.6538
2025-01-27,26.3537,3.3462,0.0345,100810.02,7.7491
2025-01-28,27.341,1.7164,-1.2019,100893.51,0.3803
2025-01-29,26.7742,1.121,-1.7762,100916.97,1.1952
2025-01-30,26.7697,1.2044,-3.6349,100780.78,0.1787
2025-01-31,28.0105,1.4643,-2.4655,100656.24,0.0022
2025-02-01,28.0842,0.9091,-3.1029,100598.1,0.005
2025-02-02,28.1893,0.9542,-2.7819,100600.35,0.0108
2025-02-03,28.3492,2.9092,-0.7872,100760.39,0.0128
2025-02-04,28.7118,3.8017,-2.435,100632.836,0.0037
2025-02-05,28.2483,2.1536,-1.7587,100524.92,0.2069
2025-02-06,27.7631,0.6476,-3.2539,100633.62,0.2627
2025-02-07,28.0461,0.9249,-1.7943,100830.52,0.164
2025-02-08,27.7534,1.5317,-0.7097,100843.65,0.0267
2025-02-09,27.6098,1.8677,0.2265,100891.625,0.2004
2025-02-10,27.6104,2.4007,0.9263,100972.61,0.2784
2025-02-11,27.9413,2.3488,0.9325,101099.445,0.0246
2025-02-12,27.6132,3.1912,1.2876,101155.69,0.3637
2025-02-13,26.4626,3.1425,0.9689,101067.73,1.5477
2025-02-14,26.737,2.4536,-0.1467,100919.45,3.1272
2025-02-15,26.977,2.3774,0.4379,100896.51,3.2771
2025-02-16,26.5296,1.9432,0.3557,101004.33,5.4589
2025-02-17,26.1467,3.021,0.4094,101121.81,5.0124
2025-02-18,26.7357,1.789,0.0718,101028.375,11.5853
2025-02-19,26.7679,0.7627,-0.4639,101052.07,2.3145
2025-02-20,27.126,0.8324,0.0856,101074.13,0.2968
2025-02-21,26.9874,1.8131,-0.3678,101065.266,2.9093
2025-02-22,27.1955,2.6567,-0.4742,101023.375,2.0182
2025-02-23,27.576,0.5584,-1.2232,101168.63,0.3891
2025-02-24,26.4796,-1.2125,-0.1407,101261.34,2.9879
2025-02-25,26.9452,0.2964,-0.2578,101288.375,1.287
2025-02-26,26.4383,1.0442,-0.309,101240.09,1.3901
2025-02-27,26.6099,0.1346,-0.044,101099.98,1.682
2025-02-28,26.6019,0.4422,0.0034,101116.34,2.2795
2025-03-01,27.6538,-2.0865,0.7169,100948.766,0.1669
2025-03-02,27.839,-2.1602,0.5636,100808.62,1.2674
2025-03-03,26.8728,-0.9566,0.0685,100853.05,1.3524
2025-03-04,26.8111,-1.2535,-0.2115,100871.93,0.7612
2025-03-05,28.1195,-0.7533,0.2033,100854.49,0.1745
2025-03-06,27.1855,0.4954,1.662,100989.555,1.2609
2025-03-07,26.2509,1.5587,0.894,100923.36,0.6477
2025-03-08,26.3017,0.4965,-0.4602,100851.16,3.0477
2025-03-09,27.1092,-0.4533,-0.2385,100942.766,1.1361
2025-03-10,27.0762,-0.1161,-0.3381,101032.18,1.926
2025-03-11,27.4638,0.0595,-0.704,100928.18,1.8038
2025-03-12,27.7212,1.2062,-0.6678,100906.15,1.1716
2025-03-13,27.6276,1.7293,-0.0176,100876.33,1.2551
2025-03-14,27.0264,2.396,0.6614,101003.086,2.6609
2025-03-15,27.1231,4.0948,-0.7932,100969.66,2.7964
2025-03-16,27.2822,1.3509,-1.4256,100838.33,0.5687
2025-03-17,26.8356,0.3881,-0.7592,100817.445,4.058
2025-03-18,27.155,1.0503,-0.7836,101041.32,1.1786
2025-03-19,27.1089,0.8634,-0.8317,101185.97,0.4965
2025-03-20,27.8713,1.3129,-0.5852,101113.52,0.0521
2025-03-21,28.1233,2.2696,-0.3429,101102.62,0.265
2025-03-22,27.7581,3.6448,0.6855,101054.234,0.1821
2025-03-23,27.8978,2.441,-0.7704,100953.336,0.1339
2025-03-24,27.884,4.1754,-0.4278,100824.164,0.4286
2025-03-25,28.1809,1.3899,-1.7562,100603.445,0.0273
2025-03-26,28.1871,0.9388,-0.8803,100584.92,0.1167
2025-03-27,27.908,0.5163,-0.7585,100586.16,0.9121
2025-03-28,27.0387,3.3588,-0.3324,100766.47,2.9462
2025-03-29,26.954,3.4131,0.8052,100870.45,2.128
2025-03-30,27.4081,2.749,1.0392,100923.766,0.5258
2025-03-31,26.2475,1.5686,0.4719,100898.34,0.5426
2025-04-01,26.7366,1.3438,0.0336,100953.8,0.9241
2025-04-02,26.3231,0.0741,0.0613,101039.414,4.6864
2025-04-03,26.3507,-0.7388,0.2087,101109.36,2.7153
2025-04-04,26.4487,-0.6646,0.0284,101054.29,1.5323
2025-04-05,27.1644,-1.2871,0.3508,101020.02,0.5264
2025-04-06,27.2919,-1.8937,0.9129,101081.945,0.0753
2025-04-07,27.0248,-1.7515,1.0681,101184.02,0.2976
2025-04-08,27.4892,-1.6415,0.4985,101193.27,0.1776
2025-04-09,27.2815,-2.017,0.2458,101025.83,1.3634
2025-04-10,26.8763,-0.6625,0.1622,100931.56,1.4607
2025-04-11,26.7468,-1.5882,0.6401,100942.35,1.0649
2025-04-12,26.8493,-1.336,0.636,100971.55,4.0879
2025-04-13,26.8728,-0.8571,0.1267,101044.31,1.9862
2025-04-14,27.1805,-1.1982,0.0201,101018.414,0.2921
2025-04-15,27.788,-1.5028,0.5521,100979.1,0.0769
2025-04-16,27.7112,-1.1098,0.6132,100940.73,0.0873
2025-04-17,27.3643,-0.6619,0.0343,100896.79,0.7351
2025-04-18,26.7478,1.3543,-0.142,100951.23,3.4523
2025-04-19,27.0808,1.0997,0.2211,100879.78,1.5661
2025-04-20,26.592,0.6297,-0.2258,101002.914,4.6362
2025-04-21,27.2561,0.3478,0.3469,101165.86,1.2662
2025-04-22,26.8223,-0.6937,0.4018,101176.88,0.4777
2025-04-23,26.5942,1.2348,0.9864,101078.49,2.0703
2025-04-24,26.9748,0.2656,0.0298,101064.0,0.717
2025-04-25,27.0173,0.0206,0.1407,101062.73,0.3432
2025-04-26,27.1974,-1.249,0.962,101075.44,0.3621
2025-04-27,27.2153,-2.7715,0.9,101027.445,0.0935
2025-04-28,27.057,-2.7118,0.4193,101010.375,0.1396
2025-04-29,27.0964,-3.9141,1.1374,100998.64,0.1029
2025-04-30,27.2375,-3.5858,1.3114,101015.125,0.415
2025-05-01,27.1552,-2.0456,1.311,101024.96,0.3274
2025-05-02,26.619,1.9989,0.7739,100928.85,3.5941
2025-05-03,26.8766,0.8969,-0.5141,100887.6,9.1226
2025-05-04,27.3483,-0.9813,0.0358,100876.45,0.5812
2025-05-05,27.5566,-2.0809,0.9417,100990.695,0.932
2025-05-06,27.0059,-3.0207,1.5084,100990.555,0.6617
2025-05-07,27.1438,-3.0383,1.4232,100839.336,1.4568
2025-05-08,26.8781,-0.6293,0.1997,100897.01,2.3414
2025-05-09,27.0842,1.7053,0.2074,100964.35,1.4698
2025-05-10,27.2112,0.9337,0.5956,100893.914,0.4052
2025-05-11,26.933,1.6523,0.6405,100879.805,1.6607
2025-05-12,27.2104,0.883,0.3049,100838.016,0.6498
2025-05-13,26.8699,-0.7146,-0.2536,100954.97,3.0686
2025-05-14,26.7474,-0.0315,0.5835,101045.78,3.3009
2025-05-15,27.241,0.0741,-0.3223,100971.51,1.7833
2025-05-16,26.7451,0.1347,0.1705,100971.086,1.7904
2025-05-17,26.5959,-0.773,0.4858,101006.414,1.4563
2025-05-18,26.7382,-1.3266,0.3882,100976.07,2.0707
2025-05-19,25.8501,-1.9349,0.6687,101029.29,6.5879
2025-05-20,26.9065,-4.5393,2.0729,100941.7,1.8595
2025-05-21,26.5617,-5.0259,2.1968,100886.47,3.952
2025-05-22,26.1872,-3.306,0.4739,100805.77,12.5178
2025-05-23,26.2927,-0.129,-1.2236,100734.12,8.1677
2025-05-24,27.049,-0.7966,0.4091,100797.195,0.8287
2025-05-25,26.9294,2.0286,-0.4826,100849.98,1.5326
2025-05-26,26.6858,2.6286,-0.4501,100951.055,1.7487
2025-05-27,28.0096,0.385,0.0415,100991.61,0.1332
2025-05-28,28.05,0.7029,0.0026,101042.02,0.0598
2025-05-29,27.7277,-1.0662,0.531,101164.14,0.0656
2025-05-30,27.5143,-0.9599,0.2005,101215.78,0.0252
2025-05-31,27.0742,-0.3461,0.5957,101307.31,1.5569
2025-06-01,26.963,-1.9126,-0.4369,101258.18,2.3076
2025-06-02,27.5287,-1.6182,0.3959,101117.22,0.1949
2025-06-03,27.3687,-1.0709,-0.0296,101064.26,0.217
2025-06-04,26.972,-1.5546,0.7679,101205.336,1.0508
2025-06-05,27.0765,-2.9043,0.8884,101178.53,0.5362
2025-06-06,27.6283,-2.8153,0.9385,101150.97,0.0371
2025-06-07,27.2248,-2.5398,0.6511,101199.2,0.0981
2025-06-08,26.746,-3.461,1.177,101054.24,0.4971
2025-06-09,26.7141,-3.0114,1.462,100974.27,0.6078
2025-06-10,26.1194,-2.6306,1.1976,100938.836,1.7823
2025-06-11,26.7901,-4.6191,1.433,100952.1,0.5114
2025-06-12,27.6744,-5.0942,1.4713,101046.445,0.0966
2025-06-13,27.3099,-4.6099,1.9279,101185.57,0.4266
2025-06-14,26.7032,-2.5768,0.723,101129.74,0.8066
2025-06-15,27.2335,-2.5669,0.9367,101070.484,1.0892
2025-06-16,27.148,-3.2406,1.2711,101053.664,0.8347
2025-06-17,26.4136,-3.6338,1.1697,101165.4,0.7604
2025-06-18,26.7425,-3.3489,1.0586,101121.67,0.0999
2025-06-19,26.3742,-2.9327,-1.1375,101169.72,0.1179
2025-06-20,26.5523,-1.9497,0.024,101190.85,0.1358
2025-06-21,26.1082,-1.5126,0.6578,101187.56,2.8868
2025-06-22,26.6408,-4.0504,1.144,101130.39,1.0496
2025-06-23,26.5039,-4.231,1.0652,101102.83,2.0479
2025-06-24,26.6848,-4.2334,1.4632,101193.78,0.7549
2025-06-25,26.5452,-3.9934,1.4654,101290.92,0.2143
2025-06-26,26.7219,-5.0315,1.6341,101177.914,0.164
2025-06-27,26.2631,-4.0594,1.6289,101144.75,0.7527
2025-06-28,25.514,-4.2618,1.9988,101108.805,3.3419
2025-06-29,25.7439,-4.7168,1.3365,101006.54,1.0485
2025-06-30,26.4103,-4.9542,1.7805,100989.23,1.6355
2025-07-01,26.6187,-3.0876,1.0597,101113.75,1.358
2025-07-02,26.6262,-3.4255,1.5847,101116.555,0.1191
2025-07-03,26.322,-4.0062,1.8113,101201.41,0.2352
2025-07-04,25.4221,-4.3472,2.1135,101237.89,0.8516
2025-07-05,26.0973,-4.2341,1.2175,101157.71,0.323
2025-07-06,25.7711,-2.9056,1.0555,101194.95,0.8661
2025-07-07,25.8583,-3.951,1.5609,101237.78,0.8133
2025-07-08,25.8979,-5.2777,2.5723,101238.125,0.4296
2025-07-09,25.1063,-4.3561,1.9192,101236.02,0.2066
2025-07-10,24.8652,-3.4649,0.6485,101058.984,0.0079
2025-07-11,25.0806,-3.1472,0.838,101000.03,0.0262
2025-07-12,25.6313,-3.6074,1.3567,101117.97,0.0924
2025-07-13,25.7229,-2.8401,1.5773,101213.42,1.2702
2025-07-14,25.6513,-4.3692,2.2774,101224.07,0.3681
2025-07-15,25.3449,-2.3957,1.5814,101210.86,0.4366
2025-07-16,25.5951,-4.6632,2.1877,101174.4,0.1953
2025-07-17,25.2807,-3.6338,1.4179,101192.234,0.0371
2025-07-18,24.8412,-2.7063,1.0279,101102.055,0.0517
2025-07-19,24.7789,-2.625,0.7514,100991.055,0.0469
2025-07-20,24.9218,-3.4612,0.6922,101035.11,0.0641
2025-07-21,24.7553,-3.5476,0.8771,101141.445,0.0
2025-07-22,25.2202,-3.0387,1.1169,101033.54,0.0512
2025-07-23,25.6244,-2.533,1.3556,100940.85,0.063
2025-07-24,25.597,-3.5236,2.3786,101018.65,0.4125
2025-07-25,26.1145,-4.4807,2.4928,101089.484,0.3838
2025-07-26,26.44,-3.8396,1.9702,101157.3,0.2009
2025-07-27,26.2821,-3.6265,2.2515,101208.41,0.524
2025-07-28,25.3177,-4.6474,3.6099,101230.17,1.6127
2025-07-29,25.3676,-6.742,3.9171,101206.25,1.4929
2025-07-30,25.1098,-5.9293,3.4316,101241.484,1.0005
2025-07-31,25.6374,-5.8447,2.4827,101177.9,0.6618
2025-08-01,26.2697,-4.7736,1.6399,101105.5,0.1334
2025-08-02,26.4607,-3.0812,1.1318,101103.766,0.1818
2025-08-03,25.5554,-2.5203,1.7318,101224.914,1.1085
2025-08-04,26.0586,-2.2587,1.4368,101188.13,0.1869
2025-08-05,25.8582,-3.1757,1.0237,101198.766,1.2252
2025-08-06,25.8232,-3.9483,1.7682,101135.5,0.0226
2025-08-07,25.9743,-3.2938,1.7887,101122.85,0.0709
2025-08-08,26.4254,-3.2762,1.8601,101201.805,0.1949
2025-08-09,26.217,-2.9687,2.1726,101264.375,0.4072
2025-08-10,25.508,-3.3763,1.7465,101196.08,0.6363
2025-08-11,25.4992,-3.1104,1.6392,101085.81,0.9782
2025-08-12,25.2711,-3.7307,1.3469,101162.875,2.1854
2025-08-13,25.9951,-5.1511,2.2053,101210.15,0.6481
2025-08-14,25.5506,-5.9587,2.8493,101282.33,0.1222
2025-08-15,25.4066,-4.8701,2.0654,101125.36,0.315
2025-08-16,26.1636,-4.7551,1.6705,100990.73,0.4663
2025-08-17,26.4541,-4.2654,1.774,101109.85,0.3639
2025-08-18,26.4184,-3.3607,1.4633,101206.086,2.7344
2025-08-19,25.1798,-2.3877,1.1474,101212.04,4.2286
2025-08-20,26.1272,-0.9903,0.5536,101172.57,1.1555
2025-08-21,25.8138,-1.3798,0.9107,101192.37,2.3433
2025-08-22,26.1243,-2.1467,0.8191,101095.09,0.5816
2025-08-23,26.3968,-0.655,0.6646,101081.08,0.7484
2025-08-24,26.1882,-1.9416,1.1101,101171.945,0.3634
2025-08-25,25.6464,-3.1059,1.5815,101265.21,0.3715
2025-08-26,25.8173,-4.4005,1.1878,101270.32,0.041
2025-08-27,25.3398,-4.4286,3.8311,101258.02,1.5902
2025-08-28,25.0205,-3.5962,3.5968,101278.7,1.8245
2025-08-29,24.7134,-4.6505,3.9099,101358.07,2.4325
2025-08-30,25.529,-4.7792,2.5959,101240.31,1.6114
2025-08-31,25.6824,-3.9799,1.7774,101139.92,2.823
2025-09-01,26.184,-3.7702,1.7091,101071.805,0.3101
2025-09-02,26.2927,-2.8464,1.2896,101126.77,0.3328
2025-09-03,26.525,-3.0885,1.0337,101165.4,0.4702
2025-09-04,26.1471,-3.8912,2.0745,101105.77,0.5029
2025-09-05,25.8339,-3.5835,2.743,101202.51,0.3278
2025-09-06,25.213,-3.5979,1.8196,101341.35,0.1518
2025-09-07,25.2916,-4.4032,1.9896,101281.266,0.5215
2025-09-08,25.9011,-4.7549,2.3293,101275.32,0.3893
2025-09-09,25.3946,-4.3768,3.7589,101263.63,1.9362
2025-09-10,25.7077,-3.5489,3.0682,101165.86,1.4177
2025-09-11,25.4183,-1.092,0.4354,101147.375,0.6464
2025-09-12,25.5031,-2.2691,1.5605,101217.85,0.4005
2025-09-13,25.9801,-2.0029,1.5995,101276.62,0.3094
2025-09-14,25.7075,-3.0553,2.2507,101283.84,0.4824
2025-09-15,25.687,-3.7285,2.2925,101280.44,0.5099
2025-09-16,25.267,-3.4938,2.0649,101222.79,0.673
2025-09-17,25.5201,-3.3019,2.4599,101211.42,0.8351
2025-09-18,25.1977,-3.4608,2.3715,101231.77,1.838
2025-09-19,25.7288,-3.862,2.8203,101183.836,4.1076
2025-09-20,25.8802,-3.1491,1.0783,101185.484,2.2019
2025-09-21,26.2952,-3.2601,1.4093,101220.79,0.9669
2025-09-22,25.9375,-3.8435,2.4095,101188.32,0.2627
2025-09-23,25.8778,-1.7653,1.197,101167.06,0.0601
2025-09-24,26.2554,-1.2706,0.7606,101098.76,0.044
2025-09-25,26.4827,-1.6337,0.6464,101116.71,0.4778
2025-09-26,26.4982,-2.4533,1.4846,101169.5,0.1748
2025-09-27,26.6636,-3.2662,1.6644,101117.93,0.9108
2025-09-28,26.5363,-2.3556,1.2599,101157.46,2.1129
2025-09-29,25.7933,-2.2541,1.4955,101176.76,1.5577
2025-09-30,25.9357,-3.7444,1.2489,101122.01,1.4192
2025-10-01,25.8851,-2.1555,0.9911,101082.555,12.1077
2025-10-02,26.3139,-1.1145,0.4731,101184.21,3.6086
2025-10-03,26.4439,-1.7474,1.0449,101336.24,0.0668
2025-10-04,26.3364,-2.4645,1.3367,101319.44,0.013
2025-10-05,26.5367,-1.5282,1.2714,101289.95,0.416
2025-10-06,26.9884,-4.1026,1.9419,101298.05,0.3293
2025-10-07,26.4969,-2.3711,1.8266,101346.664,0.7706
2025-10-08,26.1023,-2.6638,2.2442,101315.04,0.4398
2025-10-09,26.2321,-2.1821,1.8767,101238.39,0.3662
2025-10-10,25.8795,-2.8877,1.5411,101185.83,0.6266
2025-10-11,25.6904,-3.186,1.6242,101171.625,1.0633
2025-10-12,26.8317,-3.398,1.7442,101074.45,0.9532
2025-10-13,26.4684,-2.439,1.1909,101067.99,1.9346
2025-10-14,27.1432,-2.9265,1.0833,100940.03,0.4952
2025-10-15,26.9945,-3.1282,1.7394,100775.875,0.5887
2025-10-16,26.5168,-3.5779,2.1274,100823.35,1.2102
2025-10-17,26.6921,-2.5501,1.5256,100865.27,0.3124
2025-10-18,26.5771,-1.3031,0.6009,100786.11,0.6646
2025-10-19,26.8946,-0.811,1.1846,100704.37,0.8561
2025-10-20,26.7314,-1.1087,0.7787,100766.664,1.0455
2025-10-21,26.3302,-0.0733,0.1462,100885.84,18.9145
2025-10-22,25.9361,0.4691,0.8691,100971.25,3.2287
2025-10-23,25.4955,0.6775,1.3381,101043.46,4.2636
2025-10-24,25.3245,-0.1214,3.1207,101027.6,7.3762
2025-10-25,25.1012,0.3544,1.8426,101085.51,12.5651
2025-10-26,25.4739,-1.6042,1.8297,101159.1,2.8776
2025-10-27,25.8872,-0.7698,1.2769,101125.35,1.5501
2025-10-28,25.4165,1.5121,1.2103,101169.47,9.3459
2025-10-29,25.9355,0.0509,1.9803,101202.375,0.9309
2025-10-30,26.2306,-1.6253,1.487,101188.39,1.3482
2025-10-31,26.4803,-1.4252,0.6147,101222.586,2.2355
2025-11-01,26.3849,-3.2062,0.6389,101102.02,2.0945
2025-11-02,26.2063,-0.5802,0.6341,101150.76,13.0006
2025-11-03,26.1068,0.0729,0.981,101104.45,2.7092
2025-11-04,26.3293,0.3465,0.7159,101014.99,1.2475
2025-11-05,25.8722,2.1412,1.611,101019.61,2.9036
2025-11-06,25.9348,1.143,0.888,100973.734,3.2037
2025-11-07,26.4971,-0.6837,0.3269,100947.92,2.4163
2025-11-08,26.7574,1.9713,1.3781,101030.63,4.3364
2025-11-09,26.5743,2.0146,0.2882,100990.15,8.0876
2025-11-10,26.5909,2.3194,0.3559,100925.27,2.6663
2025-11-11,26.0178,2.8385,1.407,101024.31,4.7645
2025-11-12,25.8524,2.1517,0.8824,101080.37,3.3778
2025-11-13,25.5546,2.4124,1.4474,101055.66,3.2013
2025-11-14,25.871,2.5002,1.0206,100971.59,4.1022
2025-11-15,26.1031,1.8342,1.3535,101022.13,4.0364
2025-11-16,26.793,1.4446,0.6243,101005.65,2.0845
2025-11-17,26.242,2.2312,1.0045,101013.86,4.2439
2025-11-18,26.0743,-0.6425,0.3104,100868.63,4.4595
2025-11-19,26.3936,-0.1975,1.2293,100887.93,5.3322
2025-11-20,26.9737,-1.4774,-0.1742,100903.13,1.1013
2025-11-21,26.5578,2.8456,1.8454,100988.625,1.8047
2025-11-22,26.8228,0.9831,1.5245,100928.7,0.2924
2025-11-23,26.7392,1.9297,1.6738,100877.04,5.3401
2025-11-24,26.9294,1.3434,1.0371,100908.84,1.4784
2025-11-25,26.9016,2.5213,1.7569,100831.18,0.3357
2025-11-26,26.5285,0.5413,2.2333,100916.6,0.8899
2025-11-27,26.9708,-0.2577,1.9472,101001.87,0.1276
2025-11-28,26.9144,-0.869,1.5687,101068.414,0.2231
2025-11-29,27.0163,-0.6545,1.4234,101122.4,0.1155
2025-11-30,27.0286,-0.5347,1.136,101174.71,0.2447
2025-12-01,26.9657,-1.1469,0.9635,101149.28,0.0847
2025-12-02,27.5615,-0.8951,0.6111,101088.02,0.497
2025-12-03,26.5385,-1.1453,1.1169,101089.89,2.0501
2025-12-04,26.0855,-0.8974,0.3678,101177.11,1.8187
2025-12-05,25.821,-0.2299,0.6545,101167.41,1.1686
2025-12-06,25.8983,0.363,0.3388,101057.42,1.5869
2025-12-07,26.5834,-0.0552,1.1033,101050.45,0.3242
2025-12-08,26.4977,1.5709,1.5622,101029.875,0.6919
2025-12-09,27.1552,1.9939,0.942,100955.21,0.2944
2025-12-10,27.56,0.7545,0.5957,100979.54,0.2364
2025-12-11,27.4221,1.651,1.2669,100969.305,0.2437
2025-12-12,27.1412,2.9313,1.987,100847.01,0.5273
2025-12-13,27.3151,4.0662,1.9257,100787.7,0.6583
2025-12-14,26.7864,4.8321,1.6524,100839.94,0.8624
2025-12-15,26.9842,5.2553,2.6449,100922.62,0.7973
2025-12-16,26.4495,4.8456,2.0495,100898.86,0.835
2025-12-17,26.7612,3.4541,1.5637,100868.88,1.0021
2025-12-18,26.9029,4.5924,0.3449,100726.64,0.855
2025-12-19,27.322,2.9296,-0.7882,100643.266,0.6967
2025-12-20,26.93,0.1182,-1.1202,100671.19,2.9272
2025-12-21,27.443,0.4839,-0.4825,100816.125,1.3107
2025-12-22,27.9226,0.9894,0.2552,100800.33,0.7861
2025-12-23,27.88,0.8969,0.5013,100726.97,0.1933
2025-12-24,27.4182,1.2145,0.2655,100754.36,1.1032
2025-12-25,27.4821,1.7989,0.7298,100809.39,1.3704
2025-12-26,26.7763,2.6892,1.5946,100906.59,2.0156
2025-12-27,26.6484,2.8854,1.4722,100985.77,4.0374
2025-12-28,27.2111,2.976,1.5738,100955.555,0.7455
2025-12-29,26.7394,0.212,1.3965,100938.88,0.6246
2025-12-30,26.6776,1.0411,0.4405,100837.66,1.8724
2025-12-31,26.838,0.2923,-0.7834,100798.83,1.5707
