tanggal,seas,anom,total
1950-01-01,DJF,-1.32,25.01
1950-03-01,JFM,-1.2,25.36
1950-05-01,FMA,-1.12,25.88
1950-07-01,MAM,-1.08,26.24
1950-09-01,AMJ,-1.1,26.35
1950-11-01,MJJ,-0.9,26.32
1951-01-01,JJA,-0.62,26.24
1951-01-01,DJF,-0.66,25.67
1951-03-01,JAS,-0.57,25.94
1951-03-01,JFM,-0.36,26.2
1951-05-01,ASO,-0.56,25.76
1951-05-01,FMA,-0.04,26.96
1951-07-01,SON,-0.62,25.6
1951-07-01,MAM,0.16,27.48
1951-09-01,OND,-0.66,25.55
1951-09-01,AMJ,0.27,27.72
1951-11-01,MJJ,0.5,27.72
1951-11-01,NDJ,-0.79,25.41
1952-01-01,JJA,0.71,27.57
1952-01-01,DJF,0.52,26.86
1952-03-01,JFM,0.27,26.82
1952-03-01,JAS,0.9,27.41
1952-05-01,ASO,1.02,27.34
1952-05-01,FMA,0.33,27.33
1952-07-01,SON,1.03,27.25
1952-07-01,MAM,0.18,27.5
1952-09-01,OND,0.96,27.18
1952-09-01,AMJ,-0.07,27.38
1952-11-01,NDJ,0.71,26.91
1952-11-01,MJJ,-0.44,26.78
1953-01-01,DJF,0.25,26.58
1953-01-01,JJA,-0.45,26.41
1953-03-01,JAS,-0.2,26.31
1953-03-01,JFM,0.5,27.06
1953-05-01,FMA,0.48,27.48
1953-05-01,ASO,0.03,26.35
1953-07-01,SON,0.04,26.26
1953-07-01,MAM,0.56,27.88
1953-09-01,OND,-0.11,26.11
1953-09-01,AMJ,0.77,28.22
1953-11-01,NDJ,0.06,26.25
1953-11-01,MJJ,0.74,27.96
1954-01-01,JJA,0.63,27.49
1954-01-01,DJF,0.41,26.74
1954-03-01,JAS,0.68,27.19
1954-03-01,JFM,0.35,26.91
1954-05-01,FMA,0.01,27.01
1954-05-01,ASO,0.59,26.91
1954-07-01,SON,0.78,27.0
1954-07-01,MAM,-0.27,27.04
1954-09-01,AMJ,-0.48,26.97
1954-09-01,OND,0.52,26.74
1954-11-01,NDJ,0.56,26.76
1954-11-01,MJJ,-0.48,26.74
1955-01-01,JJA,-0.67,26.18
1955-01-01,DJF,-0.5,25.83
1955-03-01,JFM,-0.48,26.08
1955-03-01,JAS,-0.83,25.68
1955-05-01,ASO,-0.73,25.58
1955-05-01,FMA,-0.58,26.42
1955-07-01,MAM,-0.76,26.56
1955-07-01,SON,-0.52,25.7
1955-09-01,OND,-0.4,25.82
1955-09-01,AMJ,-0.78,26.67
1955-11-01,MJJ,-0.88,26.34
1955-11-01,NDJ,-0.44,25.76
1956-01-01,JJA,-0.72,26.13
1956-01-01,DJF,-1.17,25.2
1956-03-01,JAS,-0.92,25.59
1956-03-01,JFM,-0.81,25.82
1956-05-01,FMA,-0.57,26.47
1956-05-01,ASO,-1.11,25.21
1956-07-01,SON,-1.44,24.78
1956-07-01,MAM,-0.51,26.84
1956-09-01,AMJ,-0.49,27.0
1956-09-01,OND,-1.59,24.63
1956-11-01,NDJ,-1.51,24.73
1956-11-01,MJJ,-0.47,26.81
1957-01-01,JJA,-0.55,26.37
1957-01-01,DJF,-0.27,26.11
1957-03-01,JFM,-0.06,26.57
1957-03-01,JAS,-0.52,26.02
1957-05-01,FMA,0.26,27.3
1957-05-01,ASO,-0.43,25.9
1957-07-01,SON,-0.39,25.85
1957-07-01,MAM,0.63,27.99
1957-09-01,OND,-0.37,25.87
1957-09-01,AMJ,0.72,28.21
1957-11-01,MJJ,0.82,28.09
1957-11-01,NDJ,-0.39,25.87
1958-01-01,JJA,0.96,27.88
1958-01-01,DJF,1.69,28.07
1958-03-01,JFM,1.59,28.21
1958-03-01,JAS,1.03,27.57
1958-05-01,FMA,1.17,28.21
1958-05-01,ASO,1.12,27.45
1958-07-01,SON,1.15,27.38
1958-07-01,MAM,0.84,28.2
1958-09-01,OND,1.39,27.63
1958-09-01,AMJ,0.57,28.06
1958-11-01,MJJ,0.49,27.77
1958-11-01,NDJ,1.62,27.87
1959-01-01,JJA,0.43,27.36
1959-01-01,DJF,0.6,26.99
1959-03-01,JAS,0.32,26.86
1959-03-01,JFM,0.64,27.27
1959-05-01,FMA,0.48,27.51
1959-05-01,ASO,0.28,26.61
1959-07-01,SON,0.3,26.53
1959-07-01,MAM,0.39,27.75
1959-09-01,OND,0.36,26.6
1959-09-01,AMJ,0.24,27.73
1959-11-01,MJJ,0.02,27.29
1959-11-01,NDJ,0.56,26.82
1960-01-01,JJA,-0.19,26.74
1960-01-01,DJF,0.02,26.4
1960-03-01,JAS,-0.23,26.31
1960-03-01,JFM,0.03,26.65
1960-05-01,FMA,0.06,27.1
1960-05-01,ASO,-0.04,26.29
1960-07-01,SON,0.11,26.34
1960-07-01,MAM,0.17,27.52
1960-09-01,OND,0.23,26.47
1960-09-01,AMJ,0.04,27.53
1960-11-01,NDJ,0.14,26.4
1960-11-01,MJJ,0.0,27.27
1961-01-01,JJA,0.01,26.93
1961-01-01,DJF,0.0,26.34
1961-03-01,JFM,0.03,26.6
1961-03-01,JAS,0.15,26.69
1961-05-01,FMA,0.01,26.98
1961-05-01,ASO,0.19,26.52
1961-07-01,SON,0.08,26.32
1961-07-01,MAM,0.05,27.33
1961-09-01,OND,-0.07,26.17
1961-09-01,AMJ,0.22,27.62
1961-11-01,NDJ,-0.07,26.16
1961-11-01,MJJ,0.22,27.41
1962-01-01,DJF,-0.16,26.16
1962-01-01,JJA,0.08,26.94
1962-03-01,JFM,-0.17,26.4
1962-03-01,JAS,-0.2,26.32
1962-05-01,ASO,-0.32,26.01
1962-05-01,FMA,-0.15,26.83
1962-07-01,SON,-0.22,26.02
1962-07-01,MAM,-0.2,27.09
1962-09-01,OND,-0.11,26.09
1962-09-01,AMJ,-0.19,27.21
1962-11-01,MJJ,-0.13,27.06
1962-11-01,NDJ,-0.05,26.14
1963-01-01,JJA,0.0,26.85
1963-01-01,DJF,-0.33,25.98
1963-03-01,JAS,-0.1,26.42
1963-03-01,JFM,-0.17,26.4
1963-05-01,ASO,-0.16,26.17
1963-05-01,FMA,0.01,26.99
1963-07-01,SON,-0.25,25.98
1963-07-01,MAM,0.13,27.41
1963-09-01,OND,-0.25,25.95
1963-09-01,AMJ,0.12,27.52
1963-11-01,MJJ,0.45,27.64
1963-11-01,NDJ,-0.32,25.87
1964-01-01,JJA,0.76,27.61
1964-01-01,DJF,0.95,27.26
1964-03-01,JFM,0.52,27.09
1964-03-01,JAS,1.09,27.61
1964-05-01,ASO,1.09,27.42
1964-05-01,FMA,0.06,27.04
1964-07-01,MAM,-0.35,26.93
1964-07-01,SON,1.13,27.37
1964-09-01,OND,1.19,27.39
1964-09-01,AMJ,-0.6,26.8
1964-11-01,NDJ,1.13,27.33
1964-11-01,MJJ,-0.66,26.53
1965-01-01,DJF,-0.51,25.8
1965-01-01,JJA,-0.67,26.19
1965-03-01,JAS,-0.7,25.82
1965-03-01,JFM,-0.25,26.32
1965-05-01,FMA,-0.04,26.93
1965-05-01,ASO,-0.72,25.6
1965-07-01,SON,-0.8,25.44
1965-07-01,MAM,0.16,27.45
1965-09-01,OND,-0.79,25.41
1965-09-01,AMJ,0.47,27.86
1965-11-01,NDJ,-0.75,25.45
1965-11-01,MJJ,0.79,27.98
1966-01-01,JJA,1.1,27.95
1966-01-01,DJF,1.24,27.61
1966-03-01,JAS,1.27,27.79
1966-03-01,JFM,0.95,27.6
1966-05-01,ASO,1.55,27.87
1966-05-01,FMA,0.76,27.79
1966-07-01,SON,1.7,27.93
1966-07-01,MAM,0.43,27.77
1966-09-01,AMJ,0.24,27.68
1966-09-01,OND,1.82,28.02
1966-11-01,MJJ,0.18,27.44
1966-11-01,NDJ,1.6,27.83
1967-01-01,JJA,0.25,27.18
1967-01-01,DJF,-0.46,25.97
1967-03-01,JFM,-0.48,26.18
1967-03-01,JAS,0.13,26.73
1967-05-01,FMA,-0.5,26.53
1967-05-01,ASO,-0.09,26.34
1967-07-01,SON,-0.12,26.27
1967-07-01,MAM,-0.37,26.97
1967-09-01,OND,-0.23,26.17
1967-09-01,AMJ,-0.15,27.3
1967-11-01,NDJ,-0.35,26.02
1967-11-01,MJJ,0.05,27.31
1968-01-01,JJA,-0.02,26.92
1968-01-01,DJF,-0.62,25.81
1968-03-01,JFM,-0.73,25.92
1968-03-01,JAS,-0.26,26.33
1968-05-01,FMA,-0.63,26.41
1968-05-01,ASO,-0.4,26.03
1968-07-01,SON,-0.4,25.99
1968-07-01,MAM,-0.48,26.85
1968-09-01,OND,-0.36,26.03
1968-09-01,AMJ,-0.1,27.35
1968-11-01,NDJ,-0.42,25.95
1968-11-01,MJJ,0.17,27.43
1969-01-01,DJF,0.98,27.42
1969-01-01,JJA,0.44,27.37
1969-03-01,JFM,0.98,27.63
1969-03-01,JAS,0.38,26.97
1969-05-01,ASO,0.34,26.78
1969-05-01,FMA,0.77,27.8
1969-07-01,SON,0.5,26.9
1969-07-01,MAM,0.69,28.02
1969-09-01,OND,0.66,27.06
1969-09-01,AMJ,0.62,28.06
1969-11-01,MJJ,0.48,27.74
1969-11-01,NDJ,0.93,27.3
1970-01-01,JJA,0.37,27.3
1970-01-01,DJF,0.46,26.89
1970-03-01,JAS,0.41,27.0
1970-03-01,JFM,0.23,26.89
1970-05-01,ASO,0.61,27.04
1970-05-01,FMA,0.23,27.27
1970-07-01,SON,0.71,27.11
1970-07-01,MAM,0.28,27.61
1970-09-01,OND,0.81,27.21
1970-09-01,AMJ,0.11,27.56
1970-11-01,NDJ,0.71,27.08
1970-11-01,MJJ,-0.26,27.0
1971-01-01,JJA,-0.55,26.38
1971-01-01,DJF,-1.29,25.17
1971-03-01,JFM,-1.36,25.34
1971-03-01,JAS,-0.72,25.88
1971-05-01,ASO,-0.69,25.74
1971-05-01,FMA,-1.08,25.97
1971-07-01,MAM,-0.81,26.55
1971-07-01,SON,-0.72,25.67
1971-09-01,OND,-0.78,25.61
1971-09-01,AMJ,-0.72,26.76
1971-11-01,NDJ,-1.1,25.29
1971-11-01,MJJ,-0.69,26.62
1972-01-01,JJA,-0.68,26.3
1972-01-01,DJF,-0.57,25.92
1972-03-01,JFM,-0.27,26.42
1972-03-01,JAS,-0.6,26.05
1972-05-01,ASO,-0.68,25.81
1972-05-01,FMA,0.04,27.09
1972-07-01,MAM,0.25,27.61
1972-07-01,SON,-0.78,25.68
1972-09-01,OND,-0.86,25.59
1972-09-01,AMJ,0.48,27.96
1972-11-01,NDJ,-0.78,25.65
1972-11-01,MJJ,0.7,28.0
1973-01-01,JJA,1.0,27.98
1973-01-01,DJF,1.55,28.03
1973-03-01,JAS,1.26,27.91
1973-03-01,JFM,1.13,27.82
1973-05-01,ASO,1.49,27.98
1973-05-01,FMA,0.56,27.61
1973-07-01,MAM,-0.03,27.33
1973-07-01,SON,1.69,28.14
1973-09-01,OND,1.84,28.3
1973-09-01,AMJ,-0.51,26.97
1973-11-01,MJJ,-0.8,26.51
1973-11-01,NDJ,1.77,28.2
1974-01-01,JJA,-0.99,25.99
1974-01-01,DJF,-1.87,24.61
1974-03-01,JFM,-1.59,25.1
1974-03-01,JAS,-1.11,25.54
1974-05-01,FMA,-1.24,25.82
1974-05-01,ASO,-1.26,25.23
1974-07-01,SON,-1.58,24.87
1974-07-01,MAM,-0.99,26.37
1974-09-01,OND,-1.89,24.57
1974-09-01,AMJ,-0.71,26.77
1974-11-01,NDJ,-2.04,24.39
1974-11-01,MJJ,-0.64,26.67
1975-01-01,DJF,-0.56,25.92
1975-01-01,JJA,-0.46,26.52
1975-03-01,JAS,-0.4,26.25
1975-03-01,JFM,-0.55,26.15
1975-05-01,ASO,-0.47,26.02
1975-05-01,FMA,-0.61,26.44
1975-07-01,SON,-0.69,25.76
1975-07-01,MAM,-0.66,26.7
1975-09-01,AMJ,-0.8,26.68
1975-09-01,OND,-0.88,25.57
1975-11-01,NDJ,-0.71,25.72
1975-11-01,MJJ,-0.92,26.39
1976-01-01,JJA,-1.08,25.9
1976-01-01,DJF,-1.49,24.98
1976-03-01,JAS,-1.12,25.54
1976-03-01,JFM,-1.11,25.55
1976-05-01,ASO,-1.29,25.2
1976-05-01,FMA,-0.65,26.37
1976-07-01,SON,-1.32,25.14
1976-07-01,MAM,-0.45,26.87
1976-09-01,AMJ,-0.23,27.21
1976-09-01,OND,-1.47,24.98
1976-11-01,MJJ,0.0,27.28
1976-11-01,NDJ,-1.58,24.84
1977-01-01,JJA,0.23,27.21
1977-01-01,DJF,0.71,27.19
1977-03-01,JAS,0.4,27.09
1977-03-01,JFM,0.66,27.33
1977-05-01,ASO,0.6,27.13
1977-05-01,FMA,0.33,27.35
1977-07-01,SON,0.79,27.28
1977-07-01,MAM,0.26,27.58
1977-09-01,OND,0.81,27.28
1977-09-01,AMJ,0.26,27.7
1977-11-01,NDJ,0.84,27.28
1977-11-01,MJJ,0.46,27.75
1978-01-01,DJF,0.71,27.18
1978-01-01,JJA,0.39,27.37
1978-03-01,JFM,0.52,27.19
1978-03-01,JAS,0.35,27.04
1978-05-01,ASO,0.45,26.97
1978-05-01,FMA,0.17,27.19
1978-07-01,SON,0.68,27.17
1978-07-01,MAM,-0.06,27.26
1978-09-01,OND,0.84,27.31
1978-09-01,AMJ,-0.28,27.17
1978-11-01,NDJ,0.82,27.25
1978-11-01,MJJ,-0.24,27.05
1979-01-01,JJA,-0.37,26.61
1979-01-01,DJF,0.19,26.67
1979-03-01,JFM,0.21,26.88
1979-03-01,JAS,-0.37,26.32
1979-05-01,FMA,0.29,27.31
1979-05-01,ASO,-0.44,26.08
1979-07-01,SON,-0.27,26.22
1979-07-01,MAM,0.32,27.64
1979-09-01,OND,-0.07,26.4
1979-09-01,AMJ,0.29,27.73
1979-11-01,NDJ,0.11,26.54
1979-11-01,MJJ,0.14,27.43
1980-01-01,JJA,0.09,27.07
1980-01-01,DJF,0.62,27.09
1980-03-01,JAS,0.22,26.91
1980-03-01,JFM,0.47,27.14
1980-05-01,ASO,0.34,26.86
1980-05-01,FMA,0.35,27.37
1980-07-01,MAM,0.34,27.67
1980-07-01,SON,0.47,26.96
1980-09-01,OND,0.5,26.97
1980-09-01,AMJ,0.45,27.9
1980-11-01,MJJ,0.4,27.68
1980-11-01,NDJ,0.64,27.07
1981-01-01,JJA,0.18,27.16
1981-01-01,DJF,-0.27,26.31
1981-03-01,JFM,-0.42,26.4
1981-03-01,JAS,-0.06,26.62
1981-05-01,ASO,-0.17,26.36
1981-05-01,FMA,-0.41,26.76
1981-07-01,SON,-0.07,26.42
1981-07-01,MAM,-0.27,27.21
1981-09-01,OND,0.08,26.55
1981-09-01,AMJ,-0.28,27.3
1981-11-01,NDJ,-0.05,26.44
1981-11-01,MJJ,-0.27,27.12
1982-01-01,DJF,-0.05,26.55
1982-01-01,JJA,-0.28,26.77
1982-03-01,JAS,-0.23,26.51
1982-03-01,JFM,0.02,26.83
1982-05-01,ASO,-0.08,26.49
1982-05-01,FMA,0.07,27.23
1982-07-01,SON,-0.16,26.38
1982-07-01,MAM,0.34,27.82
1982-09-01,OND,-0.19,26.34
1982-09-01,AMJ,0.65,28.23
1982-11-01,MJJ,0.73,28.12
1982-11-01,NDJ,-0.14,26.4
1983-01-01,JJA,0.78,27.82
1983-01-01,DJF,2.14,28.74
1983-03-01,JAS,0.99,27.72
1983-03-01,JFM,1.91,28.73
1983-05-01,ASO,1.45,28.02
1983-05-01,FMA,1.52,28.69
1983-07-01,SON,1.82,28.36
1983-07-01,MAM,1.23,28.7
1983-09-01,OND,2.03,28.56
1983-09-01,AMJ,0.95,28.53
1983-11-01,MJJ,0.62,28.01
1983-11-01,NDJ,2.12,28.66
1984-01-01,JJA,0.25,27.29
1984-01-01,DJF,-0.63,25.97
1984-03-01,JAS,-0.06,26.67
1984-03-01,JFM,-0.51,26.3
1984-05-01,ASO,-0.43,26.14
1984-05-01,FMA,-0.38,26.78
1984-07-01,SON,-0.76,25.78
1984-07-01,MAM,-0.47,27.0
1984-09-01,AMJ,-0.55,27.04
1984-09-01,OND,-0.96,25.56
1984-11-01,NDJ,-0.89,25.65
1984-11-01,MJJ,-0.52,26.87
1985-01-01,JJA,-0.39,26.65
1985-01-01,DJF,-1.01,25.59
1985-03-01,JFM,-0.86,25.95
1985-03-01,JAS,-0.22,26.51
1985-05-01,ASO,-0.32,26.25
1985-05-01,FMA,-0.85,26.31
1985-07-01,SON,-0.62,25.92
1985-07-01,MAM,-0.8,26.67
1985-09-01,OND,-0.95,25.57
1985-09-01,AMJ,-0.79,26.8
1985-11-01,MJJ,-0.6,26.79
1985-11-01,NDJ,-1.06,25.48
1986-01-01,JJA,-0.44,26.6
1986-01-01,DJF,-0.4,26.15
1986-03-01,JAS,-0.33,26.41
1986-03-01,JFM,-0.38,26.38
1986-05-01,FMA,-0.25,26.89
1986-05-01,ASO,-0.31,26.26
1986-07-01,SON,-0.3,26.24
1986-07-01,MAM,-0.17,27.31
1986-09-01,OND,-0.28,26.25
1986-09-01,AMJ,-0.09,27.5
1986-11-01,MJJ,0.02,27.42
1986-11-01,NDJ,-0.36,26.15
1987-01-01,JJA,0.24,27.29
1987-01-01,DJF,1.18,27.72
1987-03-01,JAS,0.46,27.22
1987-03-01,JFM,1.13,27.89
1987-05-01,FMA,1.02,28.16
1987-05-01,ASO,0.64,27.24
1987-07-01,SON,0.86,27.42
1987-07-01,MAM,0.94,28.42
1987-09-01,OND,1.06,27.57
1987-09-01,AMJ,0.95,28.53
1987-11-01,NDJ,1.21,27.69
1987-11-01,MJJ,1.11,28.51
1988-01-01,DJF,0.63,27.17
1988-01-01,JJA,1.3,28.35
1988-03-01,JAS,1.46,28.23
1988-03-01,JFM,0.37,27.13
1988-05-01,ASO,1.49,28.1
1988-05-01,FMA,-0.03,27.11
1988-07-01,MAM,-0.45,27.03
1988-07-01,SON,1.41,27.97
1988-09-01,OND,1.2,27.72
1988-09-01,AMJ,-0.99,26.6
1988-11-01,NDJ,1.0,27.49
1988-11-01,MJJ,-1.3,26.09
1989-01-01,JJA,-1.3,25.75
1989-01-01,DJF,-1.64,24.91
1989-03-01,JAS,-1.14,25.63
1989-03-01,JFM,-1.38,25.39
1989-05-01,ASO,-1.27,25.34
1989-05-01,FMA,-1.09,26.05
1989-07-01,MAM,-0.85,26.63
1989-07-01,SON,-1.54,25.01
1989-09-01,OND,-1.81,24.7
1989-09-01,AMJ,-0.61,26.98
1989-11-01,MJJ,-0.4,27.0
1989-11-01,NDJ,-1.85,24.64
1990-01-01,JJA,-0.37,26.68
1990-01-01,DJF,0.18,26.73
1990-03-01,JAS,-0.36,26.41
1990-03-01,JFM,0.19,26.95
1990-05-01,ASO,-0.33,26.28
1990-05-01,FMA,0.3,27.44
1990-07-01,MAM,0.27,27.75
1990-07-01,SON,-0.25,26.31
1990-09-01,OND,-0.12,26.39
1990-09-01,AMJ,0.25,27.84
1990-11-01,MJJ,0.25,27.65
1990-11-01,NDJ,-0.04,26.45
1991-01-01,DJF,0.35,26.99
1991-01-01,JJA,0.26,27.31
1991-03-01,JAS,0.32,27.08
1991-03-01,JFM,0.26,27.16
1991-05-01,ASO,0.31,26.92
1991-05-01,FMA,0.23,27.5
1991-07-01,SON,0.27,26.83
1991-07-01,MAM,0.29,27.9
1991-09-01,OND,0.31,26.82
1991-09-01,AMJ,0.49,28.21
1991-11-01,MJJ,0.63,28.18
1991-11-01,NDJ,0.34,26.88
1992-01-01,JJA,0.77,27.97
1992-01-01,DJF,1.54,28.24
1992-03-01,JFM,1.5,28.4
1992-03-01,JAS,0.67,27.6
1992-05-01,ASO,0.72,27.49
1992-05-01,FMA,1.4,28.67
1992-07-01,SON,0.83,27.57
1992-07-01,MAM,1.3,28.91
1992-09-01,AMJ,1.08,28.8
1992-09-01,OND,1.18,27.89
1992-11-01,MJJ,0.72,28.27
1992-11-01,NDJ,1.43,28.09
1993-01-01,JJA,0.35,27.55
1993-01-01,DJF,0.13,26.82
1993-03-01,JFM,0.31,27.21
1993-03-01,JAS,0.08,27.0
1993-05-01,ASO,-0.15,26.63
1993-05-01,FMA,0.5,27.76
1993-07-01,MAM,0.73,28.34
1993-07-01,SON,-0.22,26.52
1993-09-01,OND,-0.24,26.47
1993-09-01,AMJ,0.76,28.48
1993-11-01,NDJ,-0.05,26.62
1993-11-01,MJJ,0.56,28.11
1994-01-01,JJA,0.28,27.48
1994-01-01,DJF,0.07,26.77
1994-03-01,JFM,0.0,26.9
1994-03-01,JAS,0.22,27.14
1994-05-01,ASO,0.2,26.98
1994-05-01,FMA,0.04,27.31
1994-07-01,SON,0.2,26.95
1994-07-01,MAM,0.17,27.78
1994-09-01,OND,0.2,26.9
1994-09-01,AMJ,0.25,27.97
1994-11-01,MJJ,0.23,27.78
1994-11-01,NDJ,0.19,26.85
1995-01-01,JJA,0.3,27.51
1995-01-01,DJF,0.88,27.58
1995-03-01,JAS,0.3,27.22
1995-03-01,JFM,0.65,27.56
1995-05-01,ASO,0.47,27.25
1995-05-01,FMA,0.46,27.73
1995-07-01,SON,0.66,27.4
1995-07-01,MAM,0.19,27.8
1995-09-01,AMJ,0.03,27.75
1995-09-01,OND,0.93,27.64
1995-11-01,NDJ,0.97,27.64
1995-11-01,MJJ,-0.11,27.43
1996-01-01,JJA,-0.3,26.91
1996-01-01,DJF,-0.88,25.78
1996-03-01,JAS,-0.55,26.38
1996-03-01,JFM,-0.7,26.15
1996-05-01,ASO,-0.81,25.97
1996-05-01,FMA,-0.52,26.72
1996-07-01,SON,-0.97,25.78
1996-07-01,MAM,-0.36,27.25
1996-09-01,AMJ,-0.25,27.48
1996-09-01,OND,-1.05,25.66
1996-11-01,MJJ,-0.24,27.3
1996-11-01,NDJ,-1.01,25.64
1997-01-01,JJA,-0.22,26.99
1997-01-01,DJF,-0.41,26.23
1997-03-01,JAS,-0.27,26.65
1997-03-01,JFM,-0.26,26.59
1997-05-01,ASO,-0.3,26.45
1997-05-01,FMA,-0.03,27.21
1997-07-01,SON,-0.33,26.35
1997-07-01,MAM,0.3,27.9
1997-09-01,OND,-0.39,26.24
1997-09-01,AMJ,0.71,28.44
1997-11-01,MJJ,1.13,28.67
1997-11-01,NDJ,-0.41,26.18
1998-01-01,DJF,2.22,28.85
1998-01-01,JJA,1.48,28.69
1998-03-01,JAS,1.79,28.7
1998-03-01,JFM,1.91,28.76
1998-05-01,ASO,2.04,28.78
1998-05-01,FMA,1.4,28.64
1998-07-01,SON,2.24,28.92
1998-07-01,MAM,1.03,28.63
1998-09-01,OND,2.34,28.97
1998-09-01,AMJ,0.4,28.13
1998-11-01,MJJ,-0.08,27.46
1998-11-01,NDJ,2.37,28.96
1999-01-01,JJA,-0.63,26.57
1999-01-01,DJF,-1.51,25.12
1999-03-01,JFM,-1.25,25.6
1999-03-01,JAS,-0.83,26.08
1999-05-01,ASO,-1.02,25.73
1999-05-01,FMA,-0.93,26.31
1999-07-01,SON,-1.12,25.56
1999-07-01,MAM,-0.8,26.8
1999-09-01,AMJ,-0.79,26.94
1999-09-01,OND,-1.31,25.32
1999-11-01,MJJ,-0.84,26.7
1999-11-01,NDJ,-1.47,25.12
2000-01-01,JJA,-0.9,26.3
2000-01-01,DJF,-1.47,25.17
2000-03-01,JFM,-1.26,25.59
2000-03-01,JAS,-0.94,25.97
2000-05-01,ASO,-1.0,25.75
2000-05-01,FMA,-0.98,26.26
2000-07-01,MAM,-0.81,26.79
2000-07-01,SON,-1.13,25.55
2000-09-01,OND,-1.35,25.27
2000-09-01,AMJ,-0.67,27.06
2000-11-01,NDJ,-1.53,25.06
2000-11-01,MJJ,-0.62,26.92
2001-01-01,DJF,-0.76,25.82
2001-01-01,JJA,-0.48,26.73
2001-03-01,JAS,-0.4,26.52
2001-03-01,JFM,-0.54,26.25
2001-05-01,ASO,-0.42,26.33
2001-05-01,FMA,-0.43,26.79
2001-07-01,MAM,-0.29,27.34
2001-07-01,SON,-0.54,26.14
2001-09-01,OND,-0.76,25.87
2001-09-01,AMJ,-0.19,27.59
2001-11-01,NDJ,-0.78,25.78
2001-11-01,MJJ,-0.08,27.53
2002-01-01,JJA,-0.05,27.24
2002-01-01,DJF,-0.15,26.46
2002-03-01,JAS,-0.13,26.86
2002-03-01,JFM,0.07,26.86
2002-05-01,ASO,-0.15,26.67
2002-05-01,FMA,0.11,27.34
2002-07-01,MAM,0.15,27.78
2002-07-01,SON,-0.26,26.52
2002-09-01,OND,-0.33,26.4
2002-09-01,AMJ,0.3,28.08
2002-11-01,MJJ,0.45,28.05
2002-11-01,NDJ,-0.32,26.32
2003-01-01,JJA,0.57,27.85
2003-01-01,DJF,0.9,27.51
2003-03-01,JAS,0.63,27.62
2003-03-01,JFM,0.59,27.39
2003-05-01,ASO,0.78,27.6
2003-05-01,FMA,0.38,27.61
2003-07-01,MAM,-0.01,27.62
2003-07-01,SON,0.99,27.77
2003-09-01,OND,1.19,27.92
2003-09-01,AMJ,-0.18,27.6
2003-11-01,MJJ,-0.13,27.47
2003-11-01,NDJ,1.08,27.72
2004-01-01,DJF,0.34,26.95
2004-01-01,JJA,0.09,27.38
2004-03-01,JFM,0.27,27.06
2004-03-01,JAS,0.14,27.13
2004-05-01,ASO,0.23,27.05
2004-05-01,FMA,0.19,27.41
2004-07-01,MAM,0.1,27.72
2004-07-01,SON,0.23,27.0
2004-09-01,OND,0.29,27.02
2004-09-01,AMJ,0.12,27.9
2004-11-01,NDJ,0.29,26.93
2004-11-01,MJJ,0.22,27.83
2005-01-01,DJF,0.62,27.23
2005-01-01,JJA,0.39,27.67
2005-03-01,JAS,0.54,27.53
2005-03-01,JFM,0.55,27.35
2005-05-01,ASO,0.58,27.4
2005-05-01,FMA,0.4,27.62
2005-07-01,SON,0.61,27.38
2005-07-01,MAM,0.37,27.99
2005-09-01,AMJ,0.27,28.05
2005-09-01,OND,0.64,27.37
2005-11-01,NDJ,0.71,27.34
2005-11-01,MJJ,0.09,27.7
2006-01-01,JJA,-0.04,27.24
2006-01-01,DJF,-0.86,25.83
2006-03-01,JFM,-0.8,26.11
2006-03-01,JAS,-0.14,26.85
2006-05-01,ASO,-0.11,26.71
2006-05-01,FMA,-0.63,26.71
2006-07-01,MAM,-0.45,27.28
2006-07-01,SON,-0.27,26.5
2006-09-01,OND,-0.57,26.16
2006-09-01,AMJ,-0.19,27.69
2006-11-01,MJJ,-0.05,27.63
2006-11-01,NDJ,-0.82,25.86
2007-01-01,JJA,0.12,27.45
2007-01-01,DJF,0.62,27.3
2007-03-01,JFM,0.19,27.1
2007-03-01,JAS,0.33,27.32
2007-05-01,ASO,0.54,27.34
2007-05-01,FMA,-0.12,27.22
2007-07-01,MAM,-0.32,27.41
2007-07-01,SON,0.71,27.47
2007-09-01,OND,0.88,27.6
2007-09-01,AMJ,-0.34,27.54
2007-11-01,NDJ,0.88,27.55
2007-11-01,MJJ,-0.41,27.27
2008-01-01,DJF,-1.76,24.92
2008-01-01,JJA,-0.49,26.84
2008-03-01,JAS,-0.77,26.22
2008-03-01,JFM,-1.61,25.29
2008-05-01,ASO,-1.05,25.75
2008-05-01,FMA,-1.37,25.97
2008-07-01,MAM,-1.05,26.69
2008-07-01,SON,-1.38,25.38
2008-09-01,OND,-1.57,25.15
2008-09-01,AMJ,-0.85,27.03
2008-11-01,NDJ,-1.72,24.95
2008-11-01,MJJ,-0.56,27.13
2009-01-01,JJA,-0.33,26.99
2009-01-01,DJF,-0.89,25.79
2009-03-01,JAS,-0.2,26.78
2009-03-01,JFM,-0.84,26.07
2009-05-01,ASO,-0.25,26.55
2009-05-01,FMA,-0.63,26.71
2009-07-01,MAM,-0.35,27.38
2009-07-01,SON,-0.36,26.4
2009-09-01,OND,-0.57,26.15
2009-09-01,AMJ,0.03,27.91
2009-11-01,NDJ,-0.79,25.87
2009-11-01,MJJ,0.34,28.03
2010-01-01,JJA,0.5,27.82
2010-01-01,DJF,1.47,28.15
2010-03-01,JAS,0.56,27.55
2010-03-01,JFM,1.21,28.11
2010-05-01,ASO,0.66,27.46
2010-05-01,FMA,0.88,28.22
2010-07-01,MAM,0.38,28.11
2010-07-01,SON,0.92,27.68
2010-09-01,OND,1.31,28.02
2010-09-01,AMJ,-0.16,27.72
2010-11-01,MJJ,-0.66,27.03
2010-11-01,NDJ,1.5,28.16
2011-01-01,JJA,-0.98,26.34
2011-01-01,DJF,-1.29,25.28
2011-03-01,JAS,-1.24,25.74
2011-03-01,JFM,-1.06,25.72
2011-05-01,ASO,-1.43,25.37
2011-05-01,FMA,-0.85,26.37
2011-07-01,MAM,-0.68,26.95
2011-07-01,SON,-1.54,25.21
2011-09-01,OND,-1.57,25.14
2011-09-01,AMJ,-0.5,27.29
2011-11-01,NDJ,-1.48,25.14
2011-11-01,MJJ,-0.34,27.29
2012-01-01,DJF,-0.71,25.84
2012-01-01,JJA,-0.37,26.92
2012-03-01,JAS,-0.5,26.45
2012-03-01,JFM,-0.56,26.22
2012-05-01,ASO,-0.76,26.0
2012-05-01,FMA,-0.44,26.79
2012-07-01,MAM,-0.35,27.29
2012-07-01,SON,-0.94,25.77
2012-09-01,OND,-1.02,25.63
2012-09-01,AMJ,-0.18,27.62
2012-11-01,MJJ,0.03,27.66
2012-11-01,NDJ,-0.92,25.64
2013-01-01,JJA,0.28,27.57
2013-01-01,DJF,-0.24,26.3
2013-03-01,JFM,-0.28,26.5
2013-03-01,JAS,0.39,27.35
2013-05-01,ASO,0.37,27.13
2013-05-01,FMA,-0.23,27.0
2013-07-01,MAM,-0.2,27.43
2013-07-01,SON,0.28,26.99
2013-09-01,OND,0.13,26.78
2013-09-01,AMJ,-0.3,27.49
2013-11-01,MJJ,-0.38,27.24
2013-11-01,NDJ,-0.03,26.53
2014-01-01,JJA,-0.45,26.84
2014-01-01,DJF,-0.24,26.31
2014-03-01,JFM,-0.21,26.57
2014-03-01,JAS,-0.34,26.61
2014-05-01,ASO,-0.32,26.45
2014-05-01,FMA,-0.02,27.21
2014-07-01,MAM,0.25,27.88
2014-07-01,SON,-0.14,26.57
2014-09-01,OND,-0.12,26.53
2014-09-01,AMJ,0.35,28.14
2014-11-01,MJJ,0.22,27.84
2014-11-01,NDJ,-0.11,26.45
2015-01-01,JJA,0.07,27.36
2015-01-01,DJF,0.73,27.28
2015-03-01,JAS,0.07,27.03
2015-03-01,JFM,0.65,27.43
2015-05-01,ASO,0.24,27.0
2015-05-01,FMA,0.72,27.95
2015-07-01,MAM,0.86,28.49
2015-07-01,SON,0.51,27.22
2015-09-01,OND,0.7,27.35
2015-09-01,AMJ,1.04,28.83
2015-11-01,MJJ,1.19,28.82
2015-11-01,NDJ,0.8,27.36
2016-01-01,DJF,2.5,29.05
2016-01-01,JJA,1.44,28.73
2016-03-01,JAS,1.73,28.69
2016-03-01,JFM,2.21,28.99
2016-05-01,ASO,2.02,28.79
2016-05-01,FMA,1.69,28.92
2016-07-01,SON,2.28,28.99
2016-07-01,MAM,1.11,28.74
2016-09-01,AMJ,0.57,28.37
2016-09-01,OND,2.45,29.1
2016-11-01,NDJ,2.59,29.15
2016-11-01,MJJ,0.09,27.72
2017-01-01,JJA,-0.19,27.1
2017-01-01,DJF,-0.08,26.47
2017-03-01,JAS,-0.34,26.62
2017-03-01,JFM,0.08,26.86
2017-05-01,ASO,-0.42,26.34
2017-05-01,FMA,0.27,27.5
2017-07-01,MAM,0.32,27.95
2017-07-01,SON,-0.51,26.2
2017-09-01,OND,-0.49,26.16
2017-09-01,AMJ,0.35,28.15
2017-11-01,NDJ,-0.37,26.19
2017-11-01,MJJ,0.32,27.94
2018-01-01,JJA,0.14,27.43
2018-01-01,DJF,-0.71,25.83
2018-03-01,JAS,-0.07,26.89
2018-03-01,JFM,-0.67,26.11
2018-05-01,ASO,-0.23,26.54
2018-05-01,FMA,-0.55,26.68
2018-07-01,SON,-0.44,26.27
2018-07-01,MAM,-0.35,27.28
2018-09-01,AMJ,-0.07,27.72
2018-09-01,OND,-0.61,26.04
2018-11-01,MJJ,0.13,27.76
2018-11-01,NDJ,-0.76,25.8
2019-01-01,DJF,0.99,27.54
2019-01-01,JJA,0.2,27.49
2019-03-01,JFM,0.94,27.72
2019-03-01,JAS,0.3,27.25
2019-05-01,ASO,0.52,27.28
2019-05-01,FMA,0.87,28.1
2019-07-01,SON,0.82,27.53
2019-07-01,MAM,0.82,28.45
2019-09-01,OND,1.04,27.69
2019-09-01,AMJ,0.71,28.5
2019-11-01,NDJ,1.05,27.61
2019-11-01,MJJ,0.59,28.21
2020-01-01,JJA,0.38,27.67
2020-01-01,DJF,0.71,27.25
2020-03-01,JFM,0.66,27.44
2020-03-01,JAS,0.2,27.16
2020-05-01,FMA,0.57,27.8
2020-05-01,ASO,0.31,27.07
2020-07-01,SON,0.51,27.22
2020-07-01,MAM,0.33,27.97
2020-09-01,OND,0.72,27.37
2020-09-01,AMJ,0.04,27.83
2020-11-01,NDJ,0.75,27.31
2020-11-01,MJJ,-0.18,27.45
2021-01-01,JJA,-0.29,27.0
2021-01-01,DJF,-0.99,25.55
2021-03-01,JFM,-0.85,25.92
2021-03-01,JAS,-0.43,26.52
2021-05-01,ASO,-0.77,25.99
2021-05-01,FMA,-0.74,26.48
2021-07-01,SON,-1.0,25.71
2021-07-01,MAM,-0.56,27.07
2021-09-01,OND,-1.11,25.54
2021-09-01,AMJ,-0.4,27.39
2021-11-01,MJJ,-0.31,27.31
2021-11-01,NDJ,-1.06,25.5
2022-01-01,JJA,-0.35,26.95
2022-01-01,DJF,-0.76,25.79
2022-03-01,JAS,-0.46,26.49
2022-03-01,JFM,-0.68,26.09
2022-05-01,ASO,-0.64,26.13
2022-05-01,FMA,-0.77,26.46
2022-07-01,SON,-0.77,25.94
2022-07-01,MAM,-0.86,26.77
2022-09-01,AMJ,-0.83,26.96
2022-09-01,OND,-0.91,25.74
2022-11-01,NDJ,-0.83,25.73
2022-11-01,MJJ,-0.73,26.9
2023-01-01,JJA,-0.7,26.59
2023-01-01,DJF,-0.55,26.0
2023-03-01,JFM,-0.33,26.45
2023-03-01,JAS,-0.78,26.18
2023-05-01,FMA,-0.11,27.12
2023-05-01,ASO,-0.87,25.89
2023-07-01,SON,-0.89,25.82
2023-07-01,MAM,0.19,27.82
2023-09-01,OND,-0.82,25.83
2023-09-01,AMJ,0.46,28.25
2023-11-01,NDJ,-0.7,25.86
2023-11-01,MJJ,0.73,28.36
2024-01-01,DJF,1.84,28.38
2024-01-01,JJA,1.0,28.29
2024-03-01,JAS,1.25,28.21
2024-03-01,JFM,1.53,28.3
2024-05-01,FMA,1.18,28.4
2024-05-01,ASO,1.5,28.26
2024-07-01,MAM,0.77,28.4
2024-07-01,SON,1.74,28.45
2024-09-01,OND,1.9,28.55
2024-09-01,AMJ,0.43,28.23
2024-11-01,MJJ,0.18,27.8
2024-11-01,NDJ,1.99,28.55
2025-01-01,JJA,0.06,27.35
2025-01-01,DJF,-0.46,26.09
2025-03-01,JAS,-0.04,26.92
2025-03-01,JFM,-0.22,26.56
2025-05-01,ASO,-0.12,26.64
2025-05-01,FMA,-0.08,27.15
2025-07-01,SON,-0.19,26.52
2025-07-01,MAM,0.02,27.65
2025-09-01,AMJ,-0.04,27.76
2025-09-01,OND,-0.29,26.35
2025-11-01,MJJ,-0.02,27.61
2025-11-01,NDJ,-0.43,26.13
2026-01-01,JJA,-0.11,27.18
2026-01-01,DJF,-0.39,26.15
2026-03-01,JAS,-0.26,26.7
2026-03-01,JFM,-0.21,26.57
2026-05-01,FMA,0.11,27.34
2026-05-01,ASO,-0.43,26.33
2026-07-01,SON,-0.57,26.14
2026-07-01,MAM,0.46,28.09
2026-09-01,OND,-0.61,26.04
2026-09-01,AMJ,0.95,28.74
2026-11-01,MJJ,1.39,29.02
2026-11-01,NDJ,-0.6,25.96
2027-01-01,JJA,1.8,29.09
